{
  "project_info": {
    "project_number": "331791224617",
    "project_id": "eshop-65e67",
    "storage_bucket": "eshop-65e67.appspot.com"
  },
  "client": [
    {
      "client_info": {
        "mobilesdk_app_id": "1:331791224617:android:9cdfc71cd41d9cce0f7138",
        "android_client_info": {
          "package_name": "com.example.e_shoping"
        }
      },
      "oauth_client": [
        {
          "client_id": "331791224617-ljf7ae9sl6b1948rck8esan3jp5sfc7e.apps.googleusercontent.com",
          "client_type": 3
        }
      ],
      "api_key": [
        {
          "current_key": "AIzaSyCLI5DF5mvPevMxsdFlnSyzPvmrkM2sErk"
        }
      ],
      "services": {
        "appinvite_service": {
          "other_platform_oauth_client": [
            {
              "client_id": "331791224617-ljf7ae9sl6b1948rck8esan3jp5sfc7e.apps.googleusercontent.com",
              "client_type": 3
            }
          ]
        }
      }
    },
    {
      "client_info": {
        "mobilesdk_app_id": "1:331791224617:android:86d1ebe19c0059630f7138",
        "android_client_info": {
          "package_name": "com.rafy.e_shoping_updated"
        }
      },
      "oauth_client": [
        {
          "client_id": "331791224617-ljf7ae9sl6b1948rck8esan3jp5sfc7e.apps.googleusercontent.com",
          "client_type": 3
        }
      ],
      "api_key": [
        {
          "current_key": "AIzaSyCLI5DF5mvPevMxsdFlnSyzPvmrkM2sErk"
        }
      ],
      "services": {
        "appinvite_service": {
          "other_platform_oauth_client": [
            {
              "client_id": "331791224617-ljf7ae9sl6b1948rck8esan3jp5sfc7e.apps.googleusercontent.com",
              "client_type": 3
            }
          ]
        }
      }
    }
  ],
  "configuration_version": "1"
}